<?xml version="1.0" encoding="UTF-8"?>
<beans xmlns="http://www.springframework.org/schema/beans"
	xmlns:xsi="http://www.w3.org/2001/XMLSchema-instance"
	 xmlns:util="http://www.springframework.org/schema/util"
	xsi:schemaLocation="http://www.springframework.org/schema/beans http://www.springframework.org/schema/beans/spring-beans.xsd
		http://www.springframework.org/schema/util http://www.springframework.org/schema/util/spring-util-4.3.xsd">


	<bean class="com.capgemini.wallet.service.CustomerServiceImpl" id="service">
		<constructor-arg ref="dao" />
	</bean>
	<bean class="com.capgemini.wallet.dao.CustomerDaoImpl" name="dao">
		<constructor-arg ref="map" />
	</bean>
	<util:map id="map" key-type="java.lang.String" value-type="com.capgemini.bean.Customer">
		<entry key="9012594604">
			<bean class="com.capgemini.wallet.bean.Customer">
				<property name="customerName" value="Alisha" />
				<property name="mobileNumber" value="9012594604" />
				<property name="wallet">
				<bean class="com.capgemini.wallet.bean.Wallet">
				<property name="balance" value="50000"></property>
				</bean>
				</property>
			</bean>
		</entry>
		<entry key="9100000091">
			<bean class="com.capgemini.wallet.bean.Customer">
				<property name="customerName" value="Alley" />
				<property name="mobileNumber" value="9100000091" />
				<property name="wallet">
				<bean class="com.capgemini.wallet.bean.Wallet">
				<property name="balance" value="4500"></property>
				</bean>
				</property>
			</bean>
		</entry>
		<entry key="9866666678">
			<bean class="com.capgemini.wallet.bean.Customer">
				<property name="customerName" value="Hani" />
				<property name="mobileNumber" value="9866666678" />
				<property name="wallet">
				<bean class="com.capgemini.wallet.bean.Wallet">
				<property name="balance" value="45000"></property>
				</bean>
				</property>
			</bean>
		</entry>
	</util:map>
</beans>